{
    "1": {
        "global_nDCG": 0.8874126025757283,
        "local_avg_nDCG": 0.6528622603459658
    },
    "2": {
        "global_nDCG": 0.8827978064302607,
        "local_avg_nDCG": 0.6496279931743479
    },
    "3": {
        "global_nDCG": 0.885908673754755,
        "local_avg_nDCG": 0.659524427072659
    },
    "4": {
        "global_nDCG": 0.8921758471383329,
        "local_avg_nDCG": 0.6475602766300825
    },
    "5": {
        "global_nDCG": 0.8905429705259869,
        "local_avg_nDCG": 0.6487139124105135
    }
}