{
    "1": {
        "global_nDCG": 0.8775539097739091,
        "local_avg_nDCG": 0.6824097482486621
    },
    "2": {
        "global_nDCG": 0.8777716846729079,
        "local_avg_nDCG": 0.6807020322528924
    },
    "3": {
        "global_nDCG": 0.8941114954251624,
        "local_avg_nDCG": 0.6704311469691216
    },
    "4": {
        "global_nDCG": 0.9011581140535727,
        "local_avg_nDCG": 0.6719479064627734
    },
    "5": {
        "global_nDCG": 0.87847910979587,
        "local_avg_nDCG": 0.6776440288157721
    }
}