{
    "1": {
        "global_nDCG": 0.8960523298893608,
        "local_avg_nDCG": 0.6672191631132298
    },
    "2": {
        "global_nDCG": 0.9028567411549709,
        "local_avg_nDCG": 0.6425217602048022
    },
    "3": {
        "global_nDCG": 0.9037958745845138,
        "local_avg_nDCG": 0.6518625358563833
    },
    "4": {
        "global_nDCG": 0.9018328660355847,
        "local_avg_nDCG": 0.6417603126327976
    },
    "5": {
        "global_nDCG": 0.894263291776236,
        "local_avg_nDCG": 0.6413972545229729
    }
}